v0,fn2,start,302.88692719
v0,fn1,start,211.15425904
v0,fn2,end,28.916980941
v0,fn2,start,103.535204283
v0,fn2,end,349.704143901
v0,fn1,end,597.062778032
v0,fn2,end,374.805818324
v0,fn1,start,512.998293615
v1,fn2,end,3.36273572412
v0,fn2,start,90.5105228033
v0,fn1,end,507.291014415
v0,fn1,start,62.2368743267
v1,fn1,start,106.287489176
v0,fn2,start,263.996002788
v0,fn2,start,273.528737844
v2,fn1,end,26.7150108078
v0,fn1,start,385.100895058
v1,fn1,end,38.7790441608
v0,fn1,start,310.040955559
v0,fn1,start,590.615550902
v0,fn2,start,262.861077597
v0,fn1,start,319.65717787
v0,fn1,end,234.297358025
v0,fn1,start,13.6723426533
v0,fn1,end,514.868690304
v0,fn2,start,56.8985097873
v0,fn1,start,33.7972084626
v0,fn1,end,200.458838137
v0,fn2,start,396.630822881
v0,fn1,end,527.712171211
v1,fn1,start,102.240256687
v0,fn1,start,537.466520441
v0,fn1,start,462.282281238
v0,fn2,start,370.043978732
v0,fn2,start,48.5386822923
v0,fn1,end,225.288534979
v1,fn1,start,128.55207295
v1,fn1,end,134.728275529
v0,fn1,end,457.387019599
v0,fn1,start,595.751355865
v1,fn1,end,117.739559318
v0,fn1,end,558.418023457
v1,fn1,start,129.812958645
v0,fn1,end,546.368063034
v0,fn2,start,305.590251098
v0,fn1,start,105.142615685
v0,fn2,end,76.5164297276
v0,fn1,end,520.059240328
v0,fn1,start,59.9187717515
v0,fn1,end,181.500018344
v0,fn2,end,92.2843233761
v0,fn1,start,279.871588004
v1,fn1,end,43.1111352289
v0,fn2,end,31.0093675996
v0,fn2,start,338.515834341
v0,fn1,end,260.510721457
v0,fn1,start,60.8873567844
v2,fn2,end,5.49640814552
v1,fn1,start,109.192083622
v0,fn2,end,402.794656824
v0,fn1,end,244.488792681
v1,fn1,end,112.371734817
v0,fn1,end,211.67228268
v2,fn1,end,11.8312157888
v0,fn2,start,57.5281706882
v0,fn2,start,333.279574448
v0,fn1,end,229.245745221
v0,fn1,start,582.56517704
v0,fn2,start,325.116115582
v1,fn1,start,88.9641363002
v1,fn1,end,54.4616055603
v0,fn1,start,57.1707535262
v0,fn1,start,21.3095716336
v1,fn2,start,3.14065120079
v0,fn2,start,98.1750031123
v0,fn1,start,256.897367105
v0,fn1,start,246.525263879
v0,fn2,start,367.614240572
v0,fn1,end,218.599515863
v0,fn2,start,358.240800533
v0,fn2,start,268.164961375
v0,fn1,start,87.6192006512
v1,fn1,start,108.02585973
v0,fn1,start,69.6071170445
v0,fn1,start,128.442968659
v0,fn1,start,150.658065272
v0,fn1,start,307.000251719
v1,fn1,start,115.15402072
v0,fn2,start,366.258699187
v0,fn2,end,394.21714808
v0,fn2,start,361.747936881
v0,fn1,end,220.090325998
v0,fn1,start,383.169532804
v0,fn1,start,33.1192318063
v0,fn1,end,242.146422841
v0,fn2,start,271.721214578
v0,fn1,end,577.777630347
v0,fn2,start,326.090032079
v0,fn1,end,149.338625454
v0,fn2,end,114.906584535
v0,fn2,start,4.61849930088
v0,fn1,start,422.331619424
v0,fn1,end,190.265402994
v2,fn1,end,12.8905708746
v0,fn1,end,219.889753071
v1,fn1,start,60.678637761
v0,fn2,end,332.153468434
v1,fn1,end,51.8533227263
v0,fn1,start,389.696126205
v0,fn2,end,17.9089717796
v0,fn1,end,259.467803836
v0,fn1,end,226.300549081
v0,fn1,end,523.193491125
v0,fn2,end,327.160844527
v1,fn2,end,19.322476024
v0,fn2,start,97.6783483783
v1,fn1,end,132.095060492
v1,fn1,end,122.696722844
v1,fn1,end,144.470798092
v0,fn1,end,180.724084404
v1,fn2,start,80.7173968662
v0,fn2,start,348.912500554
v1,fn1,start,48.7116420471
v0,fn1,start,147.664211093
v0,fn1,start,70.9655069512
v0,fn1,start,119.49459717
v0,fn1,start,486.1380781
v0,fn1,end,456.303318778
v1,fn1,start,81.3037654955
v0,fn1,start,217.865385162
v0,fn1,start,10.3863857648
v0,fn2,end,11.129507466
v0,fn1,start,141.161120191
v0,fn1,start,301.312901846
v1,fn2,end,91.8952099614
v0,fn2,end,9.82173618531
v0,fn1,start,430.171607401
v0,fn1,end,172.072956179
v1,fn1,end,132.858223777
v0,fn1,start,19.7467617466
v2,fn1,start,14.091958204
v2,fn1,start,0.930958121835
v0,fn1,end,489.853107819
v0,fn2,start,386.640916888
v0,fn1,end,458.716703716
v0,fn1,end,170.716144719
v0,fn1,start,458.093333126
v0,fn1,end,587.975135327
v1,fn1,start,141.680147181
v0,fn1,end,168.66259004
v2,fn1,end,21.5538660658
v0,fn1,start,407.928858847
v1,fn1,end,77.5394629371
v0,fn1,start,507.465621208
v0,fn1,start,409.932993947
v1,fn1,start,117.074216417
v0,fn1,start,415.941686824
v0,fn1,end,527.35769992
v0,fn1,end,460.598909484
v0,fn2,end,87.1724913621
v0,fn1,start,96.3317075492
v0,fn1,start,6.70513151517
v1,fn1,end,40.7067896157
v0,fn2,start,327.027698109
v1,fn2,end,83.3584086026
v1,fn1,start,19.4205656559
v0,fn1,start,315.863028338
v0,fn1,end,569.456708169
v1,fn2,start,86.3225421172
v1,fn1,start,3.46314768997
v1,fn2,end,30.5168010077
v1,fn1,end,48.6659819391
v0,fn2,end,40.3209556916
v0,fn1,start,214.53594371
v0,fn1,end,217.185256701
v0,fn2,end,50.5728557456
v0,fn2,end,330.524537628
v0,fn1,end,437.81589433
v0,fn2,end,418.036538869
v0,fn1,start,198.343394518
v0,fn1,end,254.605550625
v0,fn2,start,364.492082553
v0,fn2,start,264.770399325
v0,fn1,end,235.059679884
v0,fn2,end,278.975023594
v0,fn1,start,585.056711911
v1,fn1,end,39.4566911317
v0,fn1,start,336.892872059
v0,fn2,start,109.910738926
v0,fn2,end,38.6865689111
v0,fn1,start,149.303339764
v0,fn2,start,277.763232373
v0,fn2,start,289.765380469
v0,fn1,end,514.8213156
v0,fn1,end,549.255491916
v0,fn1,start,15.0868984698
v0,fn2,end,357.526581863
v0,fn1,end,474.228555825
v0,fn2,start,320.390219161
v0,fn1,start,63.8821687706
v0,fn1,start,475.10080339
v0,fn1,start,183.004355501
v0,fn1,end,518.130992322
v0,fn2,start,347.315681995
v0,fn1,end,188.872992577
v0,fn1,start,467.035680788
v0,fn2,start,70.270581922
v0,fn1,end,543.273739316
v0,fn1,start,334.298688169
v0,fn1,end,437.186128846
v0,fn1,start,0.841427609029
v0,fn1,end,143.357044366
v0,fn2,start,18.3637074496
v1,fn1,start,112.049892219
v0,fn2,end,34.9251450165
v0,fn2,end,293.534101471
v0,fn1,start,29.3819955366
v0,fn2,end,75.6547137463
v0,fn1,start,202.988896559
v0,fn2,start,297.475725011
v0,fn1,start,483.524369816
v0,fn1,end,255.188932773
v0,fn1,start,395.892230635
v0,fn1,start,529.958859985
v0,fn1,start,117.792242009
v1,fn1,start,139.828236146
v0,fn1,start,411.460585468
v0,fn2,end,362.128974885
v0,fn1,end,241.027664838
v0,fn1,start,18.3181952337
v0,fn1,end,477.621228371
v0,fn2,end,123.550221193
v0,fn1,start,405.949983137
v0,fn1,start,24.1768123927
v0,fn2,start,344.224487093
v0,fn1,end,516.509152694
v0,fn1,end,502.658944738
v1,fn1,start,10.518978948
v0,fn2,start,266.535355999
v0,fn2,start,113.136092187
v1,fn1,start,120.776784951
v0,fn1,start,75.7985744255
v0,fn1,end,492.978795092
v1,fn1,start,110.220185116
v0,fn1,end,439.367633026
v1,fn1,end,59.9397229926
v1,fn2,start,23.3588517648
v0,fn2,end,309.246582832
v0,fn2,end,23.7781095702
v0,fn1,end,453.355259873
v0,fn1,end,440.68450309
v0,fn1,start,424.859510492
v0,fn2,end,264.432663683
v0,fn2,start,300.027001733
v0,fn1,end,227.805461731
v0,fn1,end,541.51383217
v0,fn2,end,383.517757202
v0,fn2,start,3.34787923124
v0,fn2,start,385.105087509
v0,fn2,end,108.129934391
v0,fn2,start,363.128370496
v0,fn1,start,391.64400405
v0,fn1,end,526.963493073
v0,fn2,end,276.532083879
v0,fn2,end,372.688767278
v0,fn1,start,452.860607438
v0,fn2,end,301.639177262
v0,fn1,start,403.772627728
v1,fn2,start,101.148988909
v0,fn1,end,516.216113374
v0,fn1,start,578.330612329
v0,fn1,start,53.8155291101
v0,fn1,start,284.787448875
v1,fn1,start,69.0225127019
v0,fn2,end,335.456838683
v1,fn1,end,49.2620784416
v0,fn2,start,67.8855255402
v0,fn1,start,450.564268018
v0,fn2,end,3.56798157836
v0,fn2,end,427.618320538
v0,fn1,end,462.621873756
v0,fn2,end,14.8482645775
v0,fn1,end,596.191758522
v0,fn1,start,355.644701468
v2,fn1,end,14.1141363838
v0,fn1,end,584.894129428
v0,fn1,start,576.045864066
v0,fn2,start,71.0032338913
v2,fn1,start,17.6272091853
v2,fn1,end,23.8490754054
v1,fn1,start,98.7601196635
v0,fn1,end,505.093442297
v0,fn1,end,243.084651832
v1,fn1,start,145.13190296
v0,fn1,start,36.9592849115
v0,fn1,start,167.747431893
v0,fn1,end,508.748225447
v0,fn1,end,446.73218059
v0,fn2,end,286.918119707
v0,fn1,end,506.641178458
v1,fn1,start,65.4671307801
v0,fn1,end,559.525253673
v0,fn1,start,258.933509632
v1,fn2,start,92.1650079293
v1,fn1,end,61.3507490373
v0,fn1,start,401.97278978
v0,fn2,end,282.747767484
v0,fn1,end,166.408413709
v0,fn1,start,76.544310248
v0,fn1,end,139.560337279
v1,fn1,start,11.55565339
v0,fn1,end,570.81475321
v0,fn1,start,89.9300946725
v0,fn1,start,420.680142737
v0,fn2,end,325.204190012
v2,fn1,end,9.76542428788
v1,fn1,start,79.7801512423
v0,fn2,start,21.3298169986
v2,fn1,start,23.3783806839
v0,fn1,start,39.0338461522
v0,fn1,end,199.232243219
v0,fn1,end,245.455865806
v0,fn2,start,124.307613287
v1,fn1,end,44.6009936572
v0,fn1,start,242.618053684
v0,fn2,start,109.134372811
v0,fn2,start,380.446919401
v2,fn1,start,3.84924429065
v0,fn1,end,142.311981223
v0,fn1,end,542.069263467
v0,fn1,start,460.908255743
v1,fn1,end,53.3998770477
v2,fn2,start,15.02696999
v1,fn2,start,84.6434314087
v0,fn1,end,524.757753642
v0,fn1,start,286.990915516
v0,fn2,end,83.2379102037
v0,fn2,end,96.0920567219
v1,fn1,start,103.976833798
v0,fn1,end,554.046067211
v0,fn2,start,271.906630413
v1,fn1,start,88.4481902891
v0,fn1,end,444.459464209
v0,fn2,end,81.5597268638
v0,fn1,end,466.071617261
v0,fn1,start,351.815330907
v1,fn1,start,30.9017540703
v0,fn1,end,188.049999217
v0,fn1,end,222.169016891
v1,fn1,start,71.1709472492
v0,fn1,end,256.612629433
v0,fn1,end,442.457605828
v0,fn2,end,47.909078359
v0,fn2,start,261.637332113
v0,fn2,start,86.3704576273
v1,fn1,end,146.934500017
v0,fn1,end,447.718268722
v1,fn2,start,97.4372425042
v0,fn2,start,417.961401808
v0,fn1,end,173.784952168
v0,fn1,end,578.211500678
v0,fn2,end,295.211738888
v0,fn2,start,393.489377067
v1,fn1,end,52.5033878169
v2,fn2,end,3.2842424411
v0,fn1,start,286.281906118
v0,fn1,end,128.024616252
v0,fn2,end,397.582735676
v0,fn1,end,147.427122516
v2,fn1,start,19.7074873322
v1,fn1,end,51.611233545
v0,fn1,end,435.127266855
v0,fn1,start,505.759536195
v1,fn1,start,43.2741015366
v1,fn2,start,34.8862655475
v0,fn1,start,386.386285781
v1,fn1,end,139.040400828
v0,fn1,end,208.938352771
v0,fn1,end,238.021819291
v0,fn2,start,15.5445844049
v0,fn2,start,30.2346898485
v0,fn1,end,212.316926338
v0,fn1,end,159.438065878
v1,fn2,end,33.6323753245
v0,fn1,start,179.90738728
v0,fn2,end,106.497471527
v0,fn2,start,6.32486688535
v0,fn2,end,382.249742541
v0,fn1,start,223.103624162
v0,fn1,end,573.159618319
v0,fn1,end,233.961487949
v0,fn1,end,240.115148957
v0,fn1,start,371.516297755
v1,fn1,start,133.762675802
v0,fn1,end,260.532569927
v0,fn2,start,383.388869228
v0,fn1,end,215.087302366
v0,fn2,start,37.0225048037
v1,fn2,end,21.9655491343
v0,fn1,end,460.057495686
v0,fn2,start,7.19104136354
v0,fn1,end,440.842315268
v0,fn2,end,412.456315916
v0,fn1,end,479.855279762
v0,fn2,start,382.173253897
v0,fn2,end,89.629784028
v0,fn1,end,498.155608239
v1,fn1,end,138.131413927
v0,fn1,end,560.145695382
v0,fn1,end,478.392518337
v0,fn2,start,17.3720520946
v0,fn1,end,176.17224997
v1,fn1,start,94.4313342745
v0,fn2,start,23.1313654464
v0,fn1,start,349.861049976
v1,fn1,start,15.5457230535
v0,fn1,end,253.329168124
v0,fn1,start,479.37974804
v0,fn1,end,543.507693228
v1,fn1,end,130.840199022
v0,fn1,end,533.169777006
v0,fn1,end,583.696318737
v0,fn2,end,97.3346859819
v0,fn2,start,331.298013775
v0,fn1,start,418.520063084
v0,fn2,start,39.8832208622
v0,fn1,start,431.653059586
v1,fn1,start,90.250528181
v0,fn2,end,1.96678613539
v0,fn1,end,581.213999795
v0,fn1,start,157.24921922
v0,fn2,start,95.1414448455
v0,fn2,start,287.918672957
v1,fn2,start,29.6727275251
v0,fn1,end,184.178927861
v0,fn2,end,97.8769802018
v0,fn1,start,271.48662089
v0,fn2,start,292.813516138
v0,fn2,start,322.241132063
v1,fn1,end,122.498107505
v0,fn1,start,504.125438692
v1,fn1,start,100.954039193
v0,fn1,start,128.011927625
v0,fn1,start,174.78712142
v0,fn1,end,434.469367612
v0,fn1,end,221.698982512
v0,fn1,start,25.6002698699
v0,fn1,start,133.489460518
v0,fn1,end,450.817122065
v0,fn1,start,414.72112049
v0,fn1,start,362.174766129
v0,fn2,start,426.706710451
v1,fn1,start,42.2557120115
v2,fn1,start,26.1944167105
v0,fn1,end,487.587502411
v1,fn1,start,136.80182587
v0,fn1,start,329.498442675
v2,fn1,end,23.2702071121
v0,fn1,end,229.327395455
v0,fn2,start,394.941444622
v2,fn1,end,25.4495564739
v0,fn1,end,149.909262978
v0,fn1,start,440.707139273
v0,fn1,start,204.691483192
v0,fn1,start,199.377641032
v0,fn1,start,480.941363463
v0,fn1,end,594.962922838
v0,fn1,start,508.992259079
v0,fn1,start,115.703713517
v0,fn1,start,221.883851431
v0,fn2,start,114.568047928
v0,fn2,start,334.926238234
v0,fn1,end,187.123899285
v0,fn1,end,244.55070369
v0,fn1,end,213.77039241
v0,fn1,start,580.554039219
v1,fn2,end,11.4125548425
v0,fn1,start,225.437369793
v0,fn1,start,12.8861038155
v1,fn1,end,68.1192668763
v1,fn1,start,59.5470677828
v1,fn2,start,88.7464921571
v0,fn2,start,312.868221759
v0,fn2,end,426.139560803
v0,fn1,start,124.749536311
v0,fn2,end,275.172723448
v0,fn1,end,193.641339536
v2,fn1,start,10.7560125368
v0,fn1,start,565.146352716
v0,fn1,end,552.193167726
v0,fn1,start,302.523957964
v0,fn2,start,274.704464061
v0,fn1,end,567.958115724
v0,fn1,start,137.889567404
v0,fn1,start,233.67343886
v1,fn1,start,34.5445237052
v0,fn1,end,156.355144482
v0,fn2,start,269.945744158
v0,fn1,end,585.691148183
v0,fn2,end,44.4158617071
v0,fn1,start,189.510158275
v0,fn2,start,307.642498672
v0,fn1,end,529.063131451
v0,fn1,start,181.608502963
v0,fn1,start,451.244588824
v0,fn2,start,430.360244134
v0,fn2,end,20.8642211916
v0,fn1,start,392.628350659
v0,fn1,end,151.004883214
v0,fn1,end,224.705892092
v0,fn1,end,132.274984662
v0,fn2,start,278.102505917
v0,fn1,end,492.629075569
v0,fn1,start,85.6747214676
v0,fn1,start,317.705857652
v0,fn1,end,489.222132013
v0,fn1,start,153.559523928
v0,fn1,end,145.63590155
v1,fn1,end,48.1823106955
v0,fn1,start,534.204843833
v0,fn2,end,5.49720350973
v1,fn2,start,32.9893925163
v1,fn1,end,138.758116982
v0,fn1,end,189.571110989
v0,fn1,end,137.060180425
v0,fn1,end,184.764785405
v0,fn2,end,337.920353927
v0,fn1,start,581.477455313
v0,fn1,start,185.704722294
v0,fn1,end,562.209583836
v1,fn2,end,95.9282170277
v0,fn1,end,495.628431191
v1,fn1,end,66.1241193253
v0,fn2,start,388.382886679
v0,fn2,start,283.096847557
v0,fn1,end,517.346949592
v0,fn1,start,466.577553769
v0,fn2,start,127.030435102
v0,fn1,end,560.575924182
v0,fn1,end,132.539351946
v0,fn1,end,153.393540509
v0,fn1,start,550.262683126
v0,fn1,start,94.844294444
v0,fn1,end,531.161315723
v0,fn2,start,345.217620516
v0,fn2,start,31.9345073208
v0,fn1,end,236.144307821
v0,fn2,start,8.50366352551
v0,fn1,end,256.380146226
v0,fn2,end,102.153531968
v0,fn1,start,492.243164453
v0,fn1,end,538.73052651
v0,fn1,start,532.668064768
v0,fn2,end,120.333275771
v0,fn1,start,264.563561073
v0,fn1,start,244.379624795
v0,fn1,start,471.183088464
v2,fn2,end,18.830939686
v1,fn1,end,60.3762557222
v0,fn1,end,165.221949781
v0,fn1,start,459.751236176
v1,fn2,start,91.2134739785
v0,fn1,end,435.863048534
v0,fn1,end,587.221945205
v1,fn1,end,70.0151261573
v0,fn1,start,586.234975779
v0,fn2,end,411.169820597
v0,fn1,end,175.577808422
v0,fn2,end,13.3351509175
v0,fn1,start,5.96101773103
v0,fn1,end,581.953294748
v1,fn1,start,12.8674879533
v0,fn0,start,0.71234216671
v1,fn2,start,6.10718748177
v0,fn1,start,494.877611118
v0,fn1,end,536.250993464
v0,fn0,end,597.60802936
v0,fn2,start,28.4543456551
v1,fn1,end,58.6136283291
v0,fn2,end,421.628580231
v0,fn2,start,336.231197172
v0,fn1,start,527.693324203
v0,fn2,start,374.087906146
v0,fn2,end,65.1762090545
v1,fn2,start,106.827810128
v1,fn0,end,147.49639821
v1,fn1,start,20.912309578
v0,fn1,end,594.340803042
v0,fn1,end,153.9690478
v0,fn2,start,416.596666222
v0,fn2,end,79.6613970044
v0,fn2,start,101.486267034
v0,fn1,end,442.905129325
v0,fn1,start,107.899406038
v0,fn1,end,466.836034529
v0,fn2,end,109.708145107
v0,fn1,end,445.265043934
v0,fn1,end,258.340424516
v0,fn1,end,501.143770021
v1,fn2,end,23.7543390726
v0,fn1,start,136.125722874
v0,fn1,end,461.449802786
v0,fn1,end,528.388569606
v1,fn2,end,100.34544262
v0,fn2,end,6.67358882095
v0,fn1,start,200.618407502
v0,fn1,end,519.493858213
v0,fn1,start,221.07325216
v0,fn1,start,468.999860561
v0,fn1,start,566.606252652
v1,fn1,end,112.627240738
v2,fn2,end,15.3028514802
v0,fn2,start,408.668178122
v0,fn2,start,10.9672892048
v0,fn1,end,513.480835385
v1,fn1,end,71.153463396
v0,fn2,start,61.0081040428
v0,fn1,start,308.001150378
v0,fn2,end,124.590594814
v0,fn1,end,553.373305532
v0,fn1,start,160.53583871
v0,fn1,start,234.876014788
v1,fn1,end,119.814718138
v0,fn1,start,332.485455037
v1,fn1,start,6.78004039231
v0,fn1,start,263.739336152
v0,fn1,start,38.0784576988
v0,fn2,start,1.52306618946
v0,fn1,start,9.1937974536
v0,fn2,start,342.596800608
v0,fn1,start,49.1026256004
v0,fn2,end,113.189749799
v0,fn1,end,475.478505397
v0,fn1,start,113.660421977
v0,fn1,end,239.233267746
v0,fn2,start,35.7257283967
v0,fn2,end,323.212629259
v0,fn1,end,135.15642588
v0,fn1,end,482.032130629
v0,fn2,start,389.902683676
v0,fn2,end,401.345887903
v0,fn2,end,69.1173292879
v0,fn2,start,425.482741542
v0,fn2,start,311.015657687
v0,fn1,end,129.636590644
v1,fn1,start,47.2328610184
v0,fn1,end,535.442842077
v0,fn1,start,56.1443178039
v2,fn1,start,15.6943777648
v0,fn1,end,154.847278065
v0,fn2,start,336.954959438
v1,fn1,end,142.011131592
v0,fn1,end,521.778620626
v0,fn2,start,421.624376076
v0,fn2,end,27.0516507784
v0,fn2,end,49.9863483563
v0,fn1,end,451.562495075
v0,fn2,start,402.539018606
v0,fn1,end,488.787109639
v0,fn1,start,515.714958929
v0,fn1,end,525.441857623
v0,fn1,start,293.970563926
v0,fn1,start,398.460311749
v1,fn1,end,67.0180529047
v0,fn1,end,464.966612969
v0,fn1,start,570.249064684
v2,fn2,end,8.19292980848
v1,fn2,end,88.8647473107
v1,fn1,start,35.4477527424
v0,fn1,end,500.233899671
v1,fn1,end,73.5037137816
v1,fn1,start,5.12869225274
v0,fn1,end,163.856431748
v0,fn1,end,138.347745647
v0,fn1,start,215.725609996
v1,fn2,start,10.165792651
v0,fn1,end,510.1761553
v1,fn2,start,1.2640577714
v0,fn1,start,292.007762415
v0,fn1,start,89.0682292091
v0,fn1,start,44.2296766661
v0,fn1,start,473.398907582
v0,fn1,start,58.6461674072
v0,fn1,end,523.615164259
v0,fn1,start,239.736901064
v1,fn2,end,29.4220661122
v2,fn2,start,4.52341309683
v1,fn1,end,117.404038564
v0,fn1,end,571.722292749
v0,fn2,start,44.2961007574
v0,fn1,start,342.027185656
v0,fn2,start,356.629432459
v0,fn1,end,459.284153422
v0,fn1,start,295.87684917
v0,fn1,start,92.9590083133
v1,fn2,end,13.3212188554
v0,fn1,start,183.868998773
v2,fn1,start,12.1162461703
v0,fn1,end,152.531158123
v2,fn1,end,14.540694014
v0,fn1,start,513.84704817
v0,fn1,end,558.03653293
v1,fn2,start,16.9844248667
v0,fn1,start,152.140565987
v0,fn1,start,188.778877462
v0,fn1,start,552.426745662
v0,fn2,end,63.1923853886
v0,fn2,end,48.9034683896
v2,fn1,end,10.8348143246
v1,fn2,end,8.65527216654
v0,fn1,start,80.5303424767
v0,fn1,end,569.871973779
v1,fn1,start,131.68330235
v0,fn1,end,151.959250328
v0,fn1,start,589.51593087
v0,fn1,start,346.785540647
v0,fn2,start,62.681768095
v0,fn1,start,456.763176201
v0,fn1,end,206.142022653
v0,fn1,end,173.807800691
v0,fn1,start,330.611214699
v0,fn1,start,241.223272999
v0,fn2,end,262.39051986
v0,fn1,end,557.144125273
v1,fn1,start,52.0489651703
v0,fn2,start,353.877952523
v0,fn2,end,107.23311479
v0,fn1,start,446.34789939
v0,fn1,end,530.527174543
v0,fn2,start,316.836093947
v1,fn1,start,62.0037785727
v0,fn2,end,336.379522806
v0,fn1,start,298.862973407
v0,fn1,end,221.113330179
v0,fn2,start,375.740339582
v0,fn2,start,81.240365611
v0,fn1,start,547.243564839
v1,fn2,start,92.7854474053
v1,fn1,end,113.444290625
v0,fn2,end,390.661463095
v1,fn2,end,25.5312235872
v0,fn2,end,321.221903519
v0,fn1,end,231.37869494
v0,fn2,start,298.439964631
v1,fn1,start,27.0832299645
v0,fn2,end,36.6206664356
v2,fn1,end,20.0591087058
v0,fn2,end,352.859268264
v0,fn2,end,98.9945526501
v0,fn1,start,22.8510732322
v0,fn1,end,484.321077453
v0,fn1,end,177.819173129
v2,fn2,start,1.59080927103
v1,fn1,end,142.840560834
v0,fn1,end,490.297975482
v0,fn1,end,217.778776291
v0,fn2,end,112.781642042
v1,fn1,start,16.5593443695
v0,fn1,end,217.66954353
v0,fn1,start,110.987912522
v0,fn2,end,277.913984995
v0,fn1,start,364.04799161
v0,fn2,end,289.770274784
v0,fn2,end,127.5987556
v1,fn1,start,78.2069939435
v0,fn1,start,574.128510824
v0,fn1,end,148.725847764
v0,fn2,start,54.4596032399
v0,fn1,start,463.545798862
v1,fn2,start,26.1472109446
v0,fn1,end,466.282793357
v0,fn1,start,496.44916236
v0,fn2,end,19.1291624087
v0,fn1,start,46.7631459617
v0,fn1,start,3.80041526635
v0,fn1,start,206.139304331
v0,fn2,end,288.063867231
v0,fn2,end,7.80691904428
v0,fn1,start,47.9380245752
v0,fn2,end,274.159696202
v1,fn1,end,51.5544540843
v0,fn2,end,272.339935171
v0,fn1,end,160.382002722
v0,fn1,end,230.840304252
v0,fn1,end,210.402732666
v0,fn1,start,573.411800367
v0,fn1,start,42.7511914705
v0,fn2,start,360.170871645
v0,fn1,end,481.932987811
v0,fn2,end,385.685600971
v0,fn1,end,579.730599333
v2,fn2,end,1.6046145948
v0,fn1,start,228.774413659
v1,fn2,start,2.69678735577
v0,fn1,end,206.879567125
v0,fn1,end,576.558914029
v0,fn1,start,145.073836172
v1,fn2,start,3.84823317263
v0,fn1,end,510.978933416
v0,fn1,end,130.41840621
v0,fn1,start,224.578575155
v1,fn1,start,86.7167482441
v0,fn1,end,250.621297609
v0,fn2,end,341.040255209
v0,fn1,start,27.6584383535
v1,fn1,start,95.7835468766
v1,fn1,end,69.9478002758
v0,fn1,start,74.6867703953
v0,fn1,end,546.066031693
v0,fn1,start,436.319754192
v0,fn1,end,233.179767218
v0,fn1,end,507.442165791
v0,fn1,start,195.284625071
v0,fn1,end,473.690142423
v1,fn1,start,36.8594638911
v0,fn2,end,300.646514954
v0,fn2,end,68.3048442654
v0,fn2,start,299.094263744
v0,fn1,end,204.18487971
v1,fn2,end,101.316074307
v0,fn1,start,251.587109004
v0,fn1,end,532.138315043
v0,fn1,end,480.004107443
v2,fn2,start,7.97666386032
v0,fn1,start,454.867784877
v0,fn2,start,68.8660600187
v1,fn2,end,16.4808970181
v0,fn1,start,556.722225624
v0,fn1,start,155.627008369
v1,fn1,start,29.5015124596
v0,fn1,start,79.9749204041
v1,fn1,end,57.0535947797
v0,fn2,end,365.05805685
v0,fn2,end,430.935693429
v0,fn2,start,120.125583969
v1,fn2,start,7.69277602673
v0,fn1,end,493.497796909
v0,fn1,end,578.778917937
v0,fn1,start,191.23501439
v1,fn2,start,13.0800171248
v0,fn2,start,411.468260486
v0,fn2,end,41.8887978663
v0,fn1,start,227.265697697
v0,fn1,end,509.953615295
v0,fn1,start,572.477000372
v1,fn1,end,68.2228849403
v0,fn1,end,144.294406551
v0,fn1,end,589.947088651
v0,fn1,start,278.082057296
v0,fn2,end,80.4407861155
v0,fn2,end,354.817586476
v0,fn2,end,33.5375941832
v2,fn1,end,24.5420033742
v0,fn2,start,410.336897101
v0,fn1,start,238.662255387
v1,fn2,end,12.724033561
v0,fn2,end,280.594520106
v1,fn1,start,85.753046946
v0,fn1,start,365.428835863
v0,fn1,start,343.531878446
v0,fn1,start,497.246216758
v0,fn1,end,540.749130556
v0,fn1,end,440.531631935
v0,fn1,end,141.620585968
v0,fn2,start,52.1003543358
v0,fn1,start,543.208376839
v1,fn1,end,121.492171107
v0,fn1,start,72.1480014483
v0,fn1,end,460.982078071
v0,fn2,start,76.2980939661
v0,fn2,end,395.751404877
v0,fn1,start,353.143917579
v0,fn2,end,122.307530062
v0,fn1,end,183.511756498
v1,fn2,end,81.2510355242
v0,fn1,start,162.873375178
v2,fn1,start,14.8900206284
v0,fn1,start,312.391557522
v0,fn2,start,330.298603509
v0,fn1,end,433.636030911
v1,fn2,end,79.1803226258
v1,fn1,start,2.37971037461
v0,fn1,end,555.497853697
v0,fn1,end,586.049185349
v2,fn1,end,21.1407148635
v0,fn2,start,13.2841753855
v1,fn1,end,135.421021042
v1,fn1,end,137.337188877
v0,fn2,start,20.2675033648
v1,fn2,start,11.2418073151
v0,fn1,start,557.524975532
v0,fn1,end,144.328808289
v0,fn1,start,592.823160753
v0,fn1,start,387.612541657
v0,fn1,end,181.922044222
v0,fn1,end,199.467254558
v0,fn2,start,285.634972714
v1,fn2,end,36.3854672885
v1,fn2,start,103.080918274
v0,fn1,start,544.134531368
v0,fn2,end,351.202322843
v0,fn2,start,368.661256835
v2,fn2,end,16.8105046171
v0,fn1,end,505.81002961
v0,fn2,start,429.01007172
v0,fn1,start,237.064428148
v0,fn1,end,189.29861387
v0,fn1,end,471.858770804
v0,fn1,end,161.954315407
v0,fn1,end,510.919941598
v0,fn1,end,223.231145625
v0,fn2,start,301.906401868
v0,fn2,end,24.9942049428
v0,fn1,end,257.760013212
v1,fn1,start,118.514702185
v0,fn1,end,513.939048941
v0,fn1,end,575.382375012
v0,fn2,end,424.072169022
v0,fn1,end,183.267686185
v0,fn1,end,203.330834604
v2,fn0,end,27.6206960037
v1,fn2,end,82.5885797014
v0,fn2,end,339.368413046
v0,fn1,start,493.048175297
v0,fn1,start,11.7255201657
v0,fn1,start,445.26536696
v0,fn1,start,507.23293603
v0,fn2,start,93.2530105004
v0,fn2,end,409.076957951
v0,fn2,start,391.866717001
v0,fn1,start,438.272663696
v0,fn1,end,251.188255763
v1,fn1,end,41.4917918315
v0,fn1,end,588.779693552
v0,fn1,end,161.286299509
v0,fn1,start,485.559865733
v1,fn2,start,94.8223003613
v0,fn1,end,583.196524662
v0,fn1,end,221.951610625
v0,fn2,end,58.1018805584
v0,fn1,end,485.671445022
v0,fn2,end,291.06505569
v0,fn2,end,88.5225248171
v1,fn2,end,10.2510878374
v0,fn1,start,276.122551627
v0,fn1,start,361.014002991
v0,fn2,start,276.217038904
v0,fn1,end,158.446421118
v0,fn1,start,166.02923496
v1,fn2,start,19.5114241195
v0,fn2,end,333.896707257
v1,fn2,end,20.1453474039
v0,fn1,end,146.795698687
v1,fn1,start,73.0689379381
v1,fn2,start,93.8874416598
v1,fn1,end,72.7724772376
v0,fn1,end,528.864927244
v0,fn2,end,389.062695813
v0,fn1,start,35.6068637575
v0,fn2,end,70.9116561489
v0,fn1,end,511.716477523
v0,fn1,start,271.89432781
v0,fn1,end,178.627981571
v1,fn1,start,76.5785422945
v0,fn1,end,446.734262438
v1,fn1,start,124.527724177
v0,fn2,end,381.062450536
v0,fn1,start,449.056251248
v0,fn1,start,230.015005438
v0,fn1,start,193.041993575
v1,fn2,end,6.49602390069
v0,fn2,end,313.800969939
v0,fn2,start,423.217509335
v1,fn1,end,45.4686035864
v0,fn2,end,367.678467346
v0,fn1,start,563.757334077
v0,fn1,start,65.4660262548
v0,fn1,start,248.666301294
v0,fn1,end,192.463290673
v0,fn1,end,208.115216782
v0,fn1,end,242.173109731
v0,fn1,start,255.717257463
v1,fn1,end,127.221707454
v0,fn1,start,50.2424003136
v0,fn1,end,130.775422647
v0,fn2,end,429.495730948
v0,fn1,start,426.399621301
v1,fn1,end,125.408532547
v0,fn2,end,22.2770365026
v0,fn1,start,112.980180234
v0,fn1,end,547.348137411
v1,fn1,end,121.34299001
v0,fn1,end,156.140048207
v0,fn1,end,514.383320469
v0,fn1,end,201.379376616
v1,fn1,end,110.908663172
v0,fn2,end,307.748915218
v1,fn1,start,56.1679024664
v0,fn2,start,80.082216818
v0,fn1,start,327.981698434
v0,fn1,end,548.003927099
v0,fn2,end,398.806510984
v1,fn1,start,143.837288036
v0,fn1,end,510.221390476
v1,fn1,end,129.934677189
v0,fn1,start,40.9130322571
v0,fn1,end,246.173360122
v0,fn2,end,385.011954205
v1,fn2,end,103.3986846
v1,fn1,end,74.9038445937
v0,fn1,start,367.401060694
v1,fn2,start,11.7694813534
v0,fn2,end,417.179454196
v0,fn1,start,375.22273177
v0,fn2,end,71.1958475305
v0,fn2,start,84.77742402
v0,fn2,start,24.4615103905
v0,fn2,end,119.036645201
v0,fn1,end,491.99446366
v0,fn1,start,381.769211535
v0,fn1,start,235.309099432
v0,fn1,start,164.814853833
v0,fn1,start,267.850140521
v0,fn1,end,191.757326677
v1,fn2,end,1.62072374362
v0,fn1,end,564.109005391
v0,fn1,end,232.18824924
v1,fn1,start,57.6163572944
v1,fn1,end,64.0479729399
v0,fn1,start,83.9911691287
v0,fn2,start,74.8699081778
v0,fn1,end,466.82756939
v0,fn2,start,14.5845933863
v1,fn1,end,116.395707896
v0,fn1,end,171.383110299
v0,fn2,start,26.5668318029
v0,fn2,start,105.508081292
v0,fn2,end,306.398544813
v0,fn1,end,508.117771712
v1,fn1,end,118.866966171
v0,fn2,end,303.129730309
v0,fn1,start,373.601120501
v1,fn1,start,9.18282766729
v0,fn1,end,194.339797912
v1,fn2,start,82.0139646222
v2,fn1,start,22.5514942178
v0,fn2,end,311.700417701
v0,fn2,start,400.35740184
v0,fn1,end,539.715371297
v2,fn2,start,6.38781916717
v1,fn1,end,129.089925929
v0,fn1,start,379.505027414
v0,fn2,end,324.384188865
v0,fn1,start,476.719094528
v0,fn1,start,510.249240538
v0,fn2,end,283.73122546
v0,fn1,start,158.885599952
v1,fn1,start,96.8792649073
v0,fn1,end,198.339861816
v0,fn2,start,291.045154854
v0,fn2,start,59.3661245186
v0,fn1,end,446.120995703
v0,fn1,start,177.003289518
v0,fn2,start,398.50906635
v0,fn1,start,344.504783564
v0,fn1,start,518.956392368
v0,fn2,end,59.7543221828
v0,fn1,start,303.258828952
v0,fn1,start,490.736693456
v0,fn2,start,308.999409337
v1,fn2,end,85.4772913651
v0,fn2,start,294.469326241
v0,fn2,end,268.916627402
v1,fn1,start,40.3837988659
v0,fn2,start,286.470569044
v0,fn1,start,539.068460043
v0,fn1,end,567.132426273
v0,fn2,start,41.4262741135
v0,fn1,start,178.917494397
v0,fn1,start,139.444619804
v0,fn1,end,457.717357335
v0,fn2,end,110.837132967
v0,fn1,end,584.743852477
v1,fn1,end,111.586519663
v0,fn1,start,511.251850578
v0,fn2,end,85.098459712
v0,fn1,start,516.881314463
v1,fn2,end,86.5240350422
v0,fn2,start,82.5584353405
v0,fn1,end,455.639562893
v0,fn1,start,541.547496181
v2,fn1,start,20.945432638
v0,fn1,start,298.36754283
v1,fn1,start,112.727929359
v0,fn1,start,2.85635251149
v0,fn1,end,179.705493902
v0,fn1,end,499.377748677
v0,fn1,end,509.148021937
v0,fn2,end,344.434541341
v0,fn1,start,102.713228658
v0,fn2,start,111.98698752
v1,fn2,end,31.6364251324
v0,fn1,end,539.41562697
v0,fn2,end,304.280626361
v1,fn2,end,95.4744332004
v0,fn1,start,169.636985572
v1,fn1,end,55.2005654505
v0,fn1,end,472.696653512
v1,fn1,end,44.121648537
v0,fn1,start,588.638019386
v1,fn1,end,115.704751741
v0,fn1,end,165.614591194
v1,fn1,start,135.438733733
v1,fn1,start,54.3836564689
v0,fn2,start,106.716059826
v0,fn1,end,213.993039829
v0,fn1,end,448.299858424
v1,fn2,end,15.1634635399
v0,fn1,end,555.985635885
v0,fn1,start,383.537447656
v0,fn2,end,299.233741825
v1,fn2,start,95.9146050403
v0,fn1,start,500.281605129
v0,fn2,end,61.3815735792
v1,fn1,start,28.1731911723
v0,fn2,start,118.778269483
v0,fn1,end,446.133536063
v1,fn1,start,24.3932781519
v2,fn1,end,13.5101823253
v0,fn1,start,489.248668157
v0,fn1,end,483.136317644
v0,fn1,end,143.584716609
v0,fn1,end,580.9271763
v0,fn2,end,271.782130912
v0,fn2,start,415.494537109
v0,fn1,start,465.475969778
v0,fn1,start,276.981218138
v0,fn1,start,348.016585925
v0,fn1,end,252.440667273
v0,fn1,start,412.797264753
v0,fn1,end,593.735877373
v0,fn1,start,68.448251511
v1,fn1,start,17.7867020339
v0,fn1,end,210.152501567
v0,fn1,end,485.709783162
v1,fn1,start,92.0727892454
v0,fn1,end,536.54546588
v0,fn1,start,129.715750093
v0,fn2,end,267.457740549
v1,fn1,start,13.8252279965
v0,fn1,start,520.92052639
v0,fn1,end,204.845973306
v1,fn2,end,92.1709818442
v0,fn1,start,100.756712593
v0,fn1,start,244.730177667
v0,fn1,start,338.398601279
v0,fn2,end,302.370971216
v0,fn1,start,399.519722649
v0,fn2,end,358.927176073
v0,fn1,end,573.634996059
v2,fn2,start,15.9552011313
v0,fn2,end,285.748067068
v0,fn1,end,557.132673736
v0,fn1,start,510.010716652
v2,fn1,start,2.23581914795
v0,fn1,start,51.4534106972
v0,fn1,end,247.15188113
v0,fn2,start,38.4165431623
v0,fn2,start,404.382608115
v0,fn1,end,236.930017519
v1,fn1,end,37.3532953414
v0,fn1,end,544.456405337
v0,fn2,start,108.015093581
v1,fn1,start,22.6815065014
v0,fn2,end,263.403290959
v0,fn2,end,284.421420015
v1,fn1,start,2.86399743457
v0,fn1,end,179.184011272
v0,fn2,end,415.799647929
v0,fn1,start,146.558574702
v0,fn1,start,369.802365832
v1,fn2,start,14.6474414199
v0,fn1,end,475.792321598
v0,fn1,end,226.323724356
v0,fn1,end,582.041815353
v1,fn2,end,4.77301354505
v0,fn2,end,315.249997762
v0,fn2,start,282.298842681
v0,fn1,end,589.930689609
v1,fn1,end,123.528447221
v0,fn1,end,134.456879339
v1,fn2,start,82.7721614908
v0,fn2,start,72.8680433236
v1,fn1,start,63.9414746963
v0,fn1,start,108.94987108
v0,fn1,start,545.101849018
v1,fn1,end,63.0051808785
v0,fn1,start,288.885940673
v0,fn2,start,43.2910884016
v0,fn2,end,9.13020452427
v1,fn2,start,104.625402825
v1,fn2,end,98.2005544188
v0,fn1,start,488.479593036
v1,fn1,end,75.7617812306
v1,fn1,end,46.4401113233
v0,fn2,start,284.035478916
v0,fn1,start,99.8505138517
v1,fn2,end,27.8570770997
v0,fn2,start,60.5160521018
v0,fn1,end,542.733470885
v0,fn1,start,394.609112782
v0,fn1,start,523.104892495
v0,fn1,start,446.742980109
v0,fn1,end,559.894272637
v0,fn2,end,318.899913542
v1,fn2,start,27.5465187773
v0,fn1,start,260.794680105
v0,fn1,end,564.745519031
v1,fn1,end,140.861991589
v0,fn1,end,223.806461741
v0,fn2,end,414.542980623
v0,fn1,start,97.5846196612
v0,fn2,end,419.729410405
v0,fn1,end,243.969296332
v0,fn1,end,534.891250516
v0,fn1,start,212.989332979
v0,fn2,start,328.452813995
v0,fn1,end,438.452734678
v0,fn2,end,44.0423707494
v0,fn1,start,304.59213464
v0,fn1,end,573.155067594
v0,fn1,start,82.1528433931
v1,fn1,start,1.17766306084
v1,fn2,start,89.9021910997
v0,fn2,start,77.2369310415
v0,fn2,start,89.2648850348
v0,fn2,start,341.036135183
v0,fn1,end,501.651076901
v0,fn1,end,563.149891959
v1,fn2,start,87.5326187594
v0,fn1,start,109.847578735
v0,fn1,start,31.1972516428
v0,fn1,start,209.88057081
v0,fn1,start,283.851965516
v0,fn1,end,216.283769878
v0,fn1,end,259.043059522
v2,fn0,start,0.504576436667
v0,fn1,start,299.73139263
v0,fn2,start,419.313833639
v2,fn1,start,6.04802360833
v0,fn1,start,122.434925361
v0,fn2,end,407.305168345
v0,fn2,end,326.831117151
v0,fn1,start,324.695456952
v0,fn1,end,249.682611701
v0,fn2,start,324.112633376
v0,fn1,start,559.206873243
v0,fn1,end,449.744135279
v0,fn2,end,405.210243323
v1,fn1,end,146.056166344
v0,fn1,end,485.072882919
v0,fn1,start,561.420078875
v1,fn1,end,109.545156175
v0,fn1,end,551.24200558
v1,fn1,end,60.8105882551
v0,fn1,end,483.346173945
v0,fn1,end,505.581942347
v0,fn2,start,92.2074612864
v0,fn2,end,32.4608274149
v0,fn2,end,57.0900985603
v0,fn1,start,17.0769373714
v2,fn1,end,26.9586360913
v1,fn1,end,51.1989984883
v0,fn1,end,138.544282647
v0,fn1,start,359.379083055
v1,fn2,start,18.6036198441
v1,fn1,start,126.522144495
v0,fn1,start,290.628588348
v0,fn1,end,202.149138753
v0,fn1,end,205.161621483
v0,fn2,end,392.5353418
v0,fn1,end,496.512304174
v0,fn1,end,450.269466787
v0,fn1,start,78.6825280264
v0,fn1,start,91.26251393
v0,fn2,start,121.773296175
v1,fn1,start,45.0330975148
v0,fn1,start,120.984433743
v0,fn1,start,535.843302503
v0,fn1,end,128.945034921
v1,fn2,end,93.3109128177
v0,fn1,start,144.153510122
v2,fn1,start,7.59911671762
v0,fn1,start,8.24741092863
v1,fn1,end,145.977712819
v0,fn1,end,565.773912216
v1,fn1,end,128.692269893
v0,fn1,start,560.056199748
v0,fn2,start,413.769495556
v1,fn1,end,50.2570382942
v0,fn2,end,126.004152128
v0,fn2,end,297.570894696
v0,fn1,start,439.56205011
v0,fn1,end,467.963421841
v0,fn2,end,46.1334408936
v0,fn1,start,269.346259357
v0,fn1,end,198.959811549
v0,fn1,start,377.254776581
v0,fn1,start,531.113368286
v1,fn1,start,32.0851774895
v1,fn2,start,79.1081583343
v0,fn2,start,296.063357644
v0,fn1,start,187.964084266
v1,fn1,end,144.992895273
v0,fn1,start,435.095235483
v0,fn2,start,301.327078909
v0,fn2,start,34.2298260558
v0,fn1,start,443.625407636
v0,fn1,end,168.228556644
v0,fn1,start,274.338328952
v1,fn1,start,67.8004776097
v0,fn1,end,140.190238976
v0,fn1,start,577.317432666
v0,fn1,end,544.91436701
v0,fn1,start,336.139279983
v0,fn2,end,270.768557315
v0,fn1,end,512.026023096
v0,fn2,end,298.609061568
v0,fn1,start,499.345388305
v1,fn2,end,90.1295813176
v1,fn2,end,34.9406129604
v0,fn1,end,494.298710071
v0,fn1,start,524.178831765
v0,fn1,end,591.839673876
v0,fn2,start,406.572735123
v0,fn1,start,272.644410411
v0,fn2,end,369.304983877
v1,fn1,start,84.2960012448
v0,fn1,start,170.7477639
v0,fn1,start,340.200735241
v0,fn2,start,12.2252562245
v0,fn1,end,522.32658519
v0,fn1,start,281.575264984
v0,fn1,end,197.184165123
v0,fn1,end,228.006865844
v1,fn1,end,128.217442686
v0,fn1,end,550.143210148
v0,fn1,end,188.443914759
v0,fn1,end,235.094648392
v0,fn2,start,9.29032707808
v0,fn2,end,55.3323542968
v1,fn2,end,26.9773235707
v0,fn1,end,577.079097632
v0,fn1,start,526.275092829
v1,fn1,start,122.80985427
v1,fn1,end,73.7847684253
v1,fn2,start,21.6194830871
v0,fn1,start,514.486045354
v1,fn1,start,74.5028621577
v0,fn1,end,167.099006412
v0,fn1,start,197.196435084
v1,fn1,end,114.371713939
v1,fn2,start,28.8233223631
v0,fn1,end,157.55379109
v0,fn1,end,498.531786948
v0,fn2,end,93.9867344362
v0,fn1,end,452.390020397
v0,fn2,end,347.542140757
v0,fn2,end,317.384617208
v0,fn1,start,428.339755042
v0,fn1,start,539.922456399
v0,fn2,end,100.60185993
v2,fn2,end,6.83488266249
v0,fn2,end,265.103722391
v0,fn1,start,249.946350648
v0,fn1,end,182.492175489
v0,fn1,end,169.784688708
v0,fn1,start,254.161338548
v0,fn1,start,131.401978754
v0,fn1,end,470.247885533
v1,fn1,end,71.8529254495
v1,fn2,end,107.634176435
v0,fn2,start,50.5676617545
v0,fn2,end,78.1940800029
v0,fn1,end,237.496497415
v0,fn1,end,247.726194254
v0,fn1,end,537.832442665
v0,fn2,end,60.7575031279
v0,fn1,start,67.8827634019
v0,fn2,start,372.321029415
v0,fn2,end,386.95841515
v0,fn2,start,303.59050864
v0,fn1,start,207.156023186
v1,fn1,start,121.92598637
v0,fn1,start,296.654350552
v0,fn1,start,98.0513988542
v0,fn2,end,104.336292627
v0,fn1,end,566.03627321
v0,fn1,start,368.582930741
v1,fn1,end,56.6430016965
v2,fn1,end,22.6066356953
v1,fn2,start,36.1717599992
v0,fn1,start,45.100321303
v1,fn2,start,99.4244701063
v0,fn1,start,265.887032102
v0,fn1,end,468.22126816
v0,fn2,start,378.022651885
v0,fn2,end,66.8902379442
v0,fn2,start,280.276883287
v0,fn1,end,136.836446259
v0,fn2,start,66.3221373878
v0,fn1,end,215.425549055
v1,fn1,start,51.5718367651
v0,fn1,end,496.501836544
v0,fn1,end,238.739493481
v1,fn2,start,24.9550499991
v0,fn2,start,100.45981836
v0,fn2,start,318.619675269
v0,fn1,end,503.387297707
v0,fn1,start,482.898698778
v1,fn2,end,108.544963262
v0,fn1,start,432.886319536
v0,fn2,start,122.709971784
v1,fn1,start,82.7682466388
v0,fn1,start,325.591271549
v1,fn2,end,87.712121684
v1,fn1,start,26.1240325504
v0,fn1,end,196.259495171
v1,fn1,end,70.7290861081
v1,fn1,end,64.9277247134
v0,fn2,start,47.6083505146
v1,fn1,end,42.3592698024
v0,fn2,end,360.700767967
v0,fn1,end,218.03281862
v0,fn1,start,262.823439047
v0,fn2,start,314.779144593
v0,fn1,end,533.854011179
v0,fn1,start,323.50167565
v0,fn1,start,501.96282686
v0,fn1,start,143.16216294
v0,fn2,end,12.2979961531
v0,fn2,end,117.126632628
v0,fn1,start,260.265483478
v1,fn1,start,70.624336845
v0,fn1,end,589.03531168
v0,fn1,end,491.521998917
v1,fn1,end,76.8769938774
v0,fn1,end,495.190727598
v1,fn1,end,59.1900787394
v0,fn1,end,147.934627227
v0,fn1,end,162.977643791
v0,fn2,start,350.501836136
v0,fn2,end,73.8342021875
v0,fn2,end,329.096190897
v0,fn1,end,454.189148101
v1,fn2,end,105.47737946
v0,fn2,start,352.240802175
v0,fn1,start,172.888432621
v0,fn2,start,384.244650555
v0,fn2,end,363.380227694
v0,fn1,end,186.467391107
v0,fn1,end,530.191432881
v1,fn2,start,15.6034078745
v1,fn2,start,31.294500306
v0,fn2,end,37.5704212124
v1,fn2,end,2.70837193585
v0,fn2,start,64.805118122
v0,fn1,end,431.907171563
v0,fn2,end,90.6837368144
v0,fn1,start,327.003318901
v1,fn1,end,125.944330729
v0,fn1,start,417.469343957
v0,fn1,end,573.536416905
v0,fn2,start,97.321091575
v1,fn1,end,136.053684878
v0,fn2,end,366.403681696
v0,fn2,end,342.707309137
v1,fn1,start,50.9103402243
v0,fn1,start,126.207355921
v0,fn1,start,358.004194802
v0,fn1,end,464.132347838
v0,fn2,start,49.1173701572
v0,fn1,end,590.970248855
v0,fn1,start,548.380654018
v0,fn2,start,116.515341061
v0,fn1,end,145.255707014
v0,fn2,end,296.235712831
v1,fn2,end,17.5640885091
v0,fn1,start,106.65093303
v0,fn2,end,378.592628886
v0,fn1,start,528.630731841
v1,fn1,end,135.631709322
v2,fn2,start,2.95152773522
v0,fn1,end,469.455891807
v0,fn2,start,125.672675731
v1,fn1,end,62.7438102516
v1,fn2,start,108.459970742
v0,fn1,start,231.608852549
v1,fn1,start,38.2111731062
v0,fn2,start,88.3625010813
v0,fn1,start,554.942143025
v0,fn2,end,345.853488676
v1,fn1,end,123.971303058
v0,fn2,end,52.9262729271
v0,fn2,end,370.649151374
v1,fn2,end,94.2248704746
v0,fn2,start,45.677569991
v0,fn2,end,16.5005271396
v0,fn1,end,441.825282406
v0,fn1,start,301.704508844
v0,fn1,end,574.719495653
v0,fn1,end,513.126946761
v0,fn2,end,376.610804311
v0,fn1,start,314.002357528
v0,fn1,end,463.373657461
v1,fn0,start,0.335968847753
v0,fn1,end,486.942996664
v0,fn1,end,248.701527893
v1,fn1,start,92.3340294083
v0,fn2,start,33.2619907145
v0,fn1,start,219.453891722
v0,fn1,end,450.730713172
v0,fn1,start,568.533051258
v0,fn1,start,584.066337868
v0,fn1,end,197.426408528
v2,fn2,start,17.9097071725
v1,fn1,start,93.5610814268
v0,fn1,start,322.122116563
v1,fn1,start,138.440896539
v0,fn1,start,217.608773164
v0,fn1,start,283.00146844
v1,fn1,end,140.813047752
v0,fn2,start,79.6268575769
v2,fn1,start,8.76702048244
v0,fn1,start,123.987151247
v0,fn1,start,441.858587346